# sample collections file for CSCIE97 Assignment 3

# define collections 
# define_collection, <collection_type>, <collection_id>, <collection_name>, <collection_description>
define_collection, static, sports_collection, sports, cool sports apps 
define_collection, dynamic, cricket_collection, Cricket, All things Cricket
define_collection, dynamic, angry_birds_collection, Angry Birds Collection, All available Angry Birds Applications
define_collection, dynamic, free_collection, Free, All available Free Content
define_collection, dynamic, news_apps, News Apps, All about News
define_collection, dynamic, most_popular_news_apps, Most Popular News Apps, Best rated news apps

# add content to collections
# add_collection_content, <collection_id>, <content_type>, <content_id>
add_collection_content, sports_collection, product, Yahoo!_Sports
add_collection_content, sports_collection, product, Score_Center
add_collection_content, sports_collection, collection, cricket_collection

# set search criteria for dynamic cricket_collection, dynamic collection criteria are specified as with product api search criteria
# set_dynamic_criteria, <collection_id>, <category list>, <text search>, <minimum rating>, <max price>, <language list>, <country code>, <device id>, <content type list>
set_dynamic_criteria, cricket_collection, , cricket, , , , , ,
set_dynamic_criteria, angry_birds_collection, , angry Birds, , , , , ,
set_dynamic_criteria, free_collection, , , , 0.0,, , ,

#set news_apps collection to contain content with category news and free
set_dynamic_criteria, news_apps, news, , , 0.0,, , ,
#set news_apps collection to contain content with category news, min rating of 3 and free
set_dynamic_criteria, most_popular_news_apps, news, , 3,0.0,, , ,

# search collection
search_collection, BIRDS
search_collection, free
search_collection, cricket
search_collection, sports
search_collection, neWs

# search for all collections with empty search string
search_collection,
